active_type,crashid,ownerservice,ownerservicedupe,victim,custom_classes,damageestimate,dronename,dronetype,formatted_date,mishapcountry,mishapdate,mishaplocation,mishapyear,narrative,abusegram,perpgram
dronename,48,Female 5-9,Female 5-9,girl between 7 and 8 years old,female-5-9 crash-id-48 united-states Family Member,Not available,Family Member,her parents,31/12/2015,United States,31/12/2015,"Male', Maldives",2015,girl between 7 and 8 years old,united states,her parents
dronename,75,Female 5-9,Female 5-9,girl between 4 and 5 years old,female-5-9 crash-id-75 suspected-sex-abuse Relative,Not available,Relative,her uncle,31/10/2015,Suspected sex abuse,31/10/2015,"Male', Maldives",2015,girl between 4 and 5 years old,suspected sex abuse,her uncle
dronename,76,Female 10-14,Female 10-14,girl between 9 and 10 years old,female-10-14 crash-id-76 suspected-sex-abuse Family Member,Not available,Family Member,her father,30/09/2015,Suspected sex abuse,30/09/2015,"Male', Maldives",2015,girl between 9 and 10 years old,suspected sex abuse,her father
dronename,81,Female 10-14,Female 10-14,girl between 9 and 10 years old,"female-10-14 crash-id-81 sexual-assault Known, but Unnamed",Not available,"Known, but Unnamed",her sister's boyfriend,30/09/2015,Sexual assault,30/09/2015,"Male', Maldives",2015,girl between 9 and 10 years old,sexual assault,her sister's boyfriend
dronename,82,Female 5-9,Female 5-9,girl between 8 and 9 years old,"female-5-9 crash-id-82 sexual-assault Known, but Unnamed",Not available,"Known, but Unnamed",someone she knows,30/09/2015,Sexual assault,30/09/2015,"Male', Maldives",2015,girl between 8 and 9 years old,sexual assault,someone she knows
dronename,84,Female 5-9,Female 5-9,girl between 5 and 6 years old,female-5-9 crash-id-84 sexual-assault Relative,Not available,Relative,her grandfather,30/06/2015,Sexual assault,30/06/2015,"Male', Maldives",2015,girl between 5 and 6 years old,sexual assault,her grandfather
dronename,85,Female 5-9,Female 5-9,girl between 5 and 6 years old,female-5-9 crash-id-85 sexual-assault Family Member,Not available,Family Member,her relative,30/06/2015,Sexual assault,30/06/2015,"Male', Maldives",2015,girl between 5 and 6 years old,sexual assault,her relative
dronename,127,Female 5-9,Female 5-9,girl between 8 and 9 years old,female-5-9 crash-id-127 sexual-assault Relative,Not available,Relative,her uncle,30/06/2015,Sexual assault,30/06/2015,"Male', Maldives",2015,girl between 8 and 9 years old,sexual assault,her uncle
dronename,176,Female 0-4,Female 0-4,baby girl between 1 and 2 years old,female-0-4 crash-id-176 suspected-sex-abuse Family Member,Not available,Family Member,her father,31/05/2013,Suspected sex abuse,31/05/2013,"Male', Maldives",2015,baby girl between 1 and 2 years old,suspected sex abuse,her father
dronename,177,Female 5-9,Female 5-9,girl between 7 and 8 years old,"female-5-9 crash-id-177 suspected-sex-abuse Known, but Unnamed",Not available,"Known, but Unnamed",someone she knows,31/05/2013,Suspected sex abuse,31/05/2013,"Male', Maldives",2015,girl between 7 and 8 years old,suspected sex abuse,someone she knows
dronename,178,Female 10-14,Female 10-14,girl between 9 and 10 years old,female-10-14 crash-id-178 suspected-sex-abuse Family Member,Not available,Family Member,her relative,30/04/2013,Suspected sex abuse,30/04/2013,"Male', Maldives",2015,girl between 9 and 10 years old,suspected sex abuse,her relative
dronename,179,Female 5-9,Female 5-9,girl between 8 and 9 years old,female-5-9 crash-id-179 suspected-sex-abuse Family Member,Not available,Family Member,her relative,30/04/2013,Suspected sex abuse,30/04/2013,"Male', Maldives",2015,girl between 8 and 9 years old,suspected sex abuse,her relative
dronename,180,Female 0-4,Female 0-4,baby girl between 2 and 3 years old,female-0-4 crash-id-180 suspected-sex-abuse Family Member,Not available,Family Member,her relative,30/04/2013,Suspected sex abuse,30/04/2013,"Male', Maldives",2015,baby girl between 2 and 3 years old,suspected sex abuse,her relative
dronename,181,Female 0-4,Female 0-4,baby girl between 3 and 4 years old,female-0-4 crash-id-181 suspected-sex-abuse Relative,Not available,Relative,her step-uncle,30/04/2013,Suspected sex abuse,30/04/2013,"Male', Maldives",2015,baby girl between 3 and 4 years old,suspected sex abuse,her step-uncle
dronename,183,Female 0-4,Female 0-4,baby girl between 1 and 2 years old,female-0-4 crash-id-183 suspected-sex-abuse Family Member,Not available,Family Member,her father,31/03/2013,Suspected sex abuse,31/03/2013,"Male', Maldives",2015,baby girl between 1 and 2 years old,suspected sex abuse,her father
dronename,184,Female 5-9,Female 5-9,girl between 6 and 7 years old,"female-5-9 crash-id-184 suspected-sex-abuse Known, but Unnamed",Not available,"Known, but Unnamed",someone she knows,31/03/2013,Suspected sex abuse,31/03/2013,"Male', Maldives",2015,girl between 6 and 7 years old,suspected sex abuse,someone she knows
dronename,188,Female 5-9,Female 5-9,girl between 8 and 9 years old,female-5-9 crash-id-188 sexual-assault Not Stated,Not available,Not Stated,an unnamed person,31/03/2013,Sexual assault,31/03/2013,"Male', Maldives",2015,girl between 8 and 9 years old,sexual assault,an unnamed person
dronename,190,Female 0-4,Female 0-4,baby girl between 1 and 2 years old,female-0-4 crash-id-190 suspected-sex-abuse Relative,Not available,Relative,her brother-in-law,31/12/2012,Suspected sex abuse,31/12/2012,"Male', Maldives",2015,baby girl between 1 and 2 years old,suspected sex abuse,her brother-in-law
dronename,191,Female 5-9,Female 5-9,girl between 4 and 5 years old,female-5-9 crash-id-191 suspected-sex-abuse Not Stated,Not available,Not Stated,an unnamed person,30/11/2012,Suspected sex abuse,30/11/2012,"Male', Maldives",2015,girl between 4 and 5 years old,suspected sex abuse,an unnamed person
dronename,193,Female 5-9,Female 5-9,girl between 5 and 6 years old,female-5-9 crash-id-193 suspected-sex-abuse Relative,Not available,Relative,her cousin,30/09/2012,Suspected sex abuse,30/09/2012,"Male', Maldives",2015,girl between 5 and 6 years old,suspected sex abuse,her cousin
dronename,197,Female 5-9,Female 5-9,girl between 7 and 8 years old,female-5-9 crash-id-197 sexual-assault Family Member,Not available,Family Member,her relative,31/07/2012,Sexual assault,31/07/2012,"Male', Maldives",2015,girl between 7 and 8 years old,sexual assault,her relative
dronename,201,Female 5-9,Female 5-9,girl between 5 and 6 years old,female-5-9 crash-id-201 suspected-sex-abuse Relative,Not available,Relative,her cousin,30/06/2012,Suspected sex abuse,30/06/2012,"Male', Maldives",2015,girl between 5 and 6 years old,suspected sex abuse,her cousin
dronename,204,Female 0-4,Female 0-4,baby girl between 0 and 1 years old,female-0-4 crash-id-204 suspected-sex-abuse Relative,Not available,Relative,her uncle,31/05/2012,Suspected sex abuse,31/05/2012,"Male', Maldives",2014,baby girl between 0 and 1 years old,suspected sex abuse,her uncle
dronename,205,Female 0-4,Female 0-4,baby girl between 3 and 4 years old,female-0-4 crash-id-205 suspected-sex-abuse Family Member,Not available,Family Member,her relative,30/04/2012,Suspected sex abuse,30/04/2012,"Male', Maldives",2014,baby girl between 3 and 4 years old,suspected sex abuse,her relative
dronename,207,Female 0-4,Female 0-4,baby girl between 0 and 1 years old,female-0-4 crash-id-207 suspected-sex-abuse Family Member,Not available,Family Member,her father,31/03/2012,Suspected sex abuse,31/03/2012,"Male', Maldives",2014,baby girl between 0 and 1 years old,suspected sex abuse,her father
dronename,208,Female 5-9,Female 5-9,girl between 5 and 6 years old,female-5-9 crash-id-208 suspected-sex-abuse Family Member,Not available,Family Member,her brother,31/03/2012,Suspected sex abuse,31/03/2012,"Male', Maldives",2014,girl between 5 and 6 years old,suspected sex abuse,her brother
dronename,216,Female 5-9,Female 5-9,girl between 7 and 8 years old,female-5-9 crash-id-216 suspected-sex-abuse Family Member,Not available,Family Member,her father,31/10/2011,Suspected sex abuse,31/10/2011,"Male', Maldives",2014,girl between 7 and 8 years old,suspected sex abuse,her father
dronename,225,Female 0-4,Female 0-4,baby girl between 2 and 3 years old,female-0-4 crash-id-225 sexual-assault Relative,Not available,Relative,her uncle,31/07/2011,Sexual assault,31/07/2011,"Male', Maldives",2014,baby girl between 2 and 3 years old,sexual assault,her uncle
dronename,226,Female 0-4,Female 0-4,baby girl between 2 and 3 years old,female-0-4 crash-id-226 suspected-sex-abuse Relative,Not available,Relative,her grandfather,30/06/2011,Suspected sex abuse,30/06/2011,"Male', Maldives",2014,baby girl between 2 and 3 years old,suspected sex abuse,her grandfather
dronename,231,Female 5-9,Female 5-9,girl between 5 and 6 years old,female-5-9 crash-id-231 sexual-assault Family Member,Not available,Family Member,her father,30/04/2011,Sexual assault,30/04/2011,"Male', Maldives",2014,girl between 5 and 6 years old,sexual assault,her father
dronename,232,Female 5-9,Female 5-9,girl between 7 and 8 years old,female-5-9 crash-id-232 sexual-assault Family Member,Not available,Family Member,her sister and her frien,30/04/2011,Sexual assault,30/04/2011,"Male', Maldives",2014,girl between 7 and 8 years old,sexual assault,her sister and her frien
dronename,233,Female 0-4,Female 0-4,baby girl between 2 and 3 years old,female-0-4 crash-id-233 suspected-sex-abuse Family Member,Not available,Family Member,her father,30/04/2011,Suspected sex abuse,30/04/2011,"Male', Maldives",2014,baby girl between 2 and 3 years old,suspected sex abuse,her father
dronename,234,Female 0-4,Female 0-4,baby girl between 3 and 4 years old,female-0-4 crash-id-234 suspected-sex-abuse Family Member,Not available,Family Member,her father,31/03/2011,Suspected sex abuse,31/03/2011,"Male', Maldives",2014,baby girl between 3 and 4 years old,suspected sex abuse,her father
dronename,235,Female 0-4,Female 0-4,baby girl between 3 and 4 years old,female-0-4 crash-id-235 suspected-sex-abuse Relative,Not available,Relative,her stepfather,31/03/2011,Suspected sex abuse,31/03/2011,"Male', Maldives",2014,baby girl between 3 and 4 years old,suspected sex abuse,her stepfather
dronename,239,Female 0-4,Female 0-4,baby girl between 2 and 3 years old,female-0-4 crash-id-239 sexual-assault Family Member,Not available,Family Member,her father,31/03/2011,Sexual assault,31/03/2011,"Male', Maldives",2013,baby girl between 2 and 3 years old,sexual assault,her father
dronename,240,Female 5-9,Female 5-9,girl between 5 and 6 years old,"female-5-9 crash-id-240 sexual-assault Known, but Unnamed",Not available,"Known, but Unnamed",her mother's boyfriend,28/02/2011,Sexual assault,28/02/2011,"Male', Maldives",2013,girl between 5 and 6 years old,sexual assault,her mother's boyfriend
dronename,241,Female 10-14,Female 10-14,girl between 9 and 10 years old,female-10-14 crash-id-241 sexual-assault Relative,Not available,Relative,her stepfather,31/01/2011,Sexual assault,31/01/2011,"Male', Maldives",2013,girl between 9 and 10 years old,sexual assault,her stepfather
dronename,246,Female 5-9,Female 5-9,girl between 6 and 7 years old,"female-5-9 crash-id-246 suspected-sex-abuse Known, but Unnamed",Not available,"Known, but Unnamed",someone she knows,20/08/2009,Suspected sex abuse,20/08/2009,"Male', Maldives",2013,girl between 6 and 7 years old,suspected sex abuse,someone she knows
dronename,247,Female 0-4,Female 0-4,baby girl between 2 and 3 years old,"female-0-4 crash-id-247 suspected-sex-abuse Known, but Unnamed",Not available,"Known, but Unnamed",someone she knows,20/08/2009,Suspected sex abuse,20/08/2009,"Male', Maldives",2013,baby girl between 2 and 3 years old,suspected sex abuse,someone she knows
dronename,249,Female 5-9,Female 5-9,girl between 7 and 8 years old,"female-5-9 crash-id-249 suspected-sex-abuse Known, but Unnamed",Not available,"Known, but Unnamed",someone she knows,30/11/2010,Suspected sex abuse,30/11/2010,"Male', Maldives",2013,girl between 7 and 8 years old,suspected sex abuse,someone she knows
dronename,250,Female 10-14,Female 10-14,girl between 9 and 10 years old,female-10-14 crash-id-250 sexual-assault Relative,Not available,Relative,her cousin,30/11/2010,Sexual assault,30/11/2010,"Male', Maldives",2013,girl between 9 and 10 years old,sexual assault,her cousin
dronename,251,Female 0-4,Female 0-4,baby girl between 2 and 3 years old,female-0-4 crash-id-251 suspected-sex-abuse Not Stated,Not available,Not Stated,an unnamed person,20/08/2009,Suspected sex abuse,20/08/2009,"Male', Maldives",2013,baby girl between 2 and 3 years old,suspected sex abuse,an unnamed person
dronename,252,Female 0-4,Female 0-4,baby girl between 3 and 4 years old,female-0-4 crash-id-252 suspected-sex-abuse Not Stated,Not available,Not Stated,an unnamed person,20/08/2009,Suspected sex abuse,20/08/2009,"Male', Maldives",2013,baby girl between 3 and 4 years old,suspected sex abuse,an unnamed person
dronename,256,Female 0-4,Female 0-4,baby girl between 2 and 3 years old,female-0-4 crash-id-256 suspected-sex-abuse Relative,Not available,Relative,her brother-in-law,20/08/2009,Suspected sex abuse,20/08/2009,"Male', Maldives",2013,baby girl between 2 and 3 years old,suspected sex abuse,her brother-in-law
dronename,258,Female 5-9,Female 5-9,girl between 5 and 6 years old,"female-5-9 crash-id-258 sexual-assault Known, but Unnamed",Not available,"Known, but Unnamed",her neighbor,20/08/2009,Sexual assault,20/08/2009,"Male', Maldives",2013,girl between 5 and 6 years old,sexual assault,her neighbor
dronename,259,Female 0-4,Female 0-4,baby girl between 3 and 4 years old,female-0-4 crash-id-259 sexual-assault Relative,Not available,Relative,her grandfather,20/08/2009,Sexual assault,20/08/2009,"Male', Maldives",2013,baby girl between 3 and 4 years old,sexual assault,her grandfather
dronename,260,Female 0-4,Female 0-4,baby girl between 1 and 2 years old,"female-0-4 crash-id-260 sexual-assault Known, but Unnamed",Not available,"Known, but Unnamed",someone she knows,20/08/2009,Sexual assault,20/08/2009,"Male', Maldives",2013,baby girl between 1 and 2 years old,sexual assault,someone she knows
dronename,261,Female 5-9,Female 5-9,girl between 5 and 6 years old,female-5-9 crash-id-261 suspected-sex-abuse Not Stated,Not available,Not Stated,an unnamed person,20/08/2009,Suspected sex abuse,20/08/2009,"Male', Maldives",2013,girl between 5 and 6 years old,suspected sex abuse,an unnamed person
dronename,264,Female 5-9,Female 5-9,girl between 7 and 8 years old,female-5-9 crash-id-264 sexual-assault Relative,Not available,Relative,her grandfather,20/08/2009,Sexual assault,20/08/2009,"Male', Maldives",2013,girl between 7 and 8 years old,sexual assault,her grandfather
dronename,266,Female 5-9,Female 5-9,girl between 4 and 5 years old,female-5-9 crash-id-266 sexual-assault Relative,Not available,Relative,her stepfather,20/08/2009,Sexual assault,20/08/2009,"Male', Maldives",2013,girl between 4 and 5 years old,sexual assault,her stepfather
dronename,267,Female 0-4,Female 0-4,baby girl between 2 and 3 years old,female-0-4 crash-id-267 suspected-sex-abuse Relative,Not available,Relative,her cousin,20/08/2009,Suspected sex abuse,20/08/2009,"Male', Maldives",2013,baby girl between 2 and 3 years old,suspected sex abuse,her cousin
dronename,268,Female 5-9,Female 5-9,girl between 5 and 6 years old,"female-5-9 crash-id-268 suspected-sex-abuse Known, but Unnamed",Not available,"Known, but Unnamed",her neighbor,20/08/2009,Suspected sex abuse,20/08/2009,"Male', Maldives",2013,girl between 5 and 6 years old,suspected sex abuse,her neighbor
dronename,271,Female 5-9,Female 5-9,girl between 8 and 9 years old,"female-5-9 crash-id-271 sexual-assault Known, but Unnamed",Not available,"Known, but Unnamed",someone she knows,20/08/2009,Sexual assault,20/08/2009,"Male', Maldives",2013,girl between 8 and 9 years old,sexual assault,someone she knows
dronename,272,Female 0-4,Female 0-4,baby girl between 2 and 3 years old,female-0-4 crash-id-272 sexual-assault Family Member,Not available,Family Member,her father,20/08/2009,Sexual assault,20/08/2009,"Male', Maldives",2013,baby girl between 2 and 3 years old,sexual assault,her father
dronename,273,Female 5-9,Female 5-9,girl between 4 and 5 years old,female-5-9 crash-id-273 suspected-sex-abuse Family Member,Not available,Family Member,her father,20/08/2009,Suspected sex abuse,20/08/2009,"Male', Maldives",2013,girl between 4 and 5 years old,suspected sex abuse,her father
dronename,274,Female 10-14,Female 10-14,girl between 9 and 10 years old,female-10-14 crash-id-274 suspected-sex-abuse Relative,Not available,Relative,her stepfather,20/08/2009,Suspected sex abuse,20/08/2009,"Male', Maldives",2013,girl between 9 and 10 years old,suspected sex abuse,her stepfather
dronename,277,Female 5-9,Female 5-9,girl between 5 and 6 years old,"female-5-9 crash-id-277 sexual-assault Known, but Unnamed",Not available,"Known, but Unnamed",someone she knows,20/08/2009,Sexual assault,20/08/2009,"Male', Maldives",2012,girl between 5 and 6 years old,sexual assault,someone she knows
dronename,278,Female 0-4,Female 0-4,baby girl between 1 and 2 years old,female-0-4 crash-id-278 suspected-sex-abuse Family Member,Not available,Family Member,her father,20/08/2009,Suspected sex abuse,20/08/2009,"Male', Maldives",2012,baby girl between 1 and 2 years old,suspected sex abuse,her father
dronename,280,Female 0-4,Female 0-4,baby girl less than 1 year old,female-0-4 crash-id-280 sexual-assault Family Member,Not available,Family Member,her mother,31/03/2010,Sexual assault,31/03/2010,"Male', Maldives",2012,baby girl less than 1 year old,sexual assault,her mother
dronename,281,Female 0-4,Female 0-4,baby girl between 1 and 2 years old,"female-0-4 crash-id-281 sexual-assault Known, but Unnamed",Not available,"Known, but Unnamed",someone she knows,31/03/2010,Sexual assault,31/03/2010,"Male', Maldives",2012,baby girl between 1 and 2 years old,sexual assault,someone she knows
dronename,285,Female 0-4,Female 0-4,baby girl between 3 and 4 years old,"female-0-4 crash-id-285 sexual-assault Known, but Unnamed",Not available,"Known, but Unnamed",her mother's boyfriend,30/04/2010,Sexual assault,30/04/2010,"Male', Maldives",2012,baby girl between 3 and 4 years old,sexual assault,her mother's boyfriend
dronename,525,Female 5-9,Female 5-9,girl between 4 and 5 years old,female-5-9 crash-id-525 sexual-assault Relative,Not available,Relative,her uncle,28/02/2011,Sexual assault,28/02/2011,"Male', Maldives",2012,girl between 4 and 5 years old,sexual assault,her uncle
dronename,526,Female 0-4,Female 0-4,baby girl between 3 and 4 years old,female-0-4 crash-id-526 suspected-sex-abuse Relative,Not available,Relative,her cousin,31/03/2011,Suspected sex abuse,31/03/2011,"Male', Maldives",2012,baby girl between 3 and 4 years old,suspected sex abuse,her cousin
dronename,527,Female 5-9,Female 5-9,girl between 5 and 6 years old,"female-5-9 crash-id-527 suspected-sex-abuse Known, but Unnamed",Not available,"Known, but Unnamed",someone she knows,31/05/2010,Suspected sex abuse,31/05/2010,"Male', Maldives",2012,girl between 5 and 6 years old,suspected sex abuse,someone she knows
dronename,546,Female 5-9,Female 5-9,girl between 5 and 6 years old,"female-5-9 crash-id-546 suspected-sex-abuse Known, but Unnamed",Not available,"Known, but Unnamed",someone she knows,31/03/2012,Suspected sex abuse,31/03/2012,"Male', Maldives",2012,girl between 5 and 6 years old,suspected sex abuse,someone she knows
dronename,549,Female 5-9,Female 5-9,girl between 6 and 7 years old,"female-5-9 crash-id-549 suspected-sex-abuse Known, but Unnamed",Not available,"Known, but Unnamed",someone she knows,31/03/2012,Suspected sex abuse,31/03/2012,"Male', Maldives",2012,girl between 6 and 7 years old,suspected sex abuse,someone she knows
dronename,574,Female 0-4,Female 0-4,baby girl between 3 and 4 years old,female-0-4 crash-id-574 suspected-sex-abuse Relative,Not available,Relative,her cousin,20/08/2009,Suspected sex abuse,20/08/2009,"Male', Maldives",2012,baby girl between 3 and 4 years old,suspected sex abuse,her cousin
dronename,625,Female 5-9,Female 5-9,girl between 6 and 7 years old,female-5-9 crash-id-625 sexual-assault Family Member,Not available,Family Member,her brother,31/01/2010,Sexual assault,31/01/2010,"Male', Maldives",2012,girl between 6 and 7 years old,sexual assault,her brother
dronename,626,Female 10-14,Female 10-14,girl between 9 and 10 years old,female-10-14 crash-id-626 sexual-assault Family Member,Not available,Family Member,her brother,31/01/2010,Sexual assault,31/01/2010,"Male', Maldives",2012,girl between 9 and 10 years old,sexual assault,her brother
dronename,635,Female 5-9,Female 5-9,girl between 4 and 5 years old,female-5-9 crash-id-635 sexual-assault Relative,Not available,Relative,her uncle,28/02/2011,Sexual assault,28/02/2011,"Male', Maldives",2012,girl between 4 and 5 years old,sexual assault,her uncle
dronename,655,Female 0-4,Female 0-4,baby girl between 0 and 1 years old,female-0-4 crash-id-655 suspected-sex-abuse Family Member,Not available,Family Member,her father,31/08/2012,Suspected sex abuse,31/08/2012,"Male', Maldives",2012,baby girl between 0 and 1 years old,suspected sex abuse,her father
dronename,657,Female 0-4,Female 0-4,baby girl between 3 and 4 years old,female-0-4 crash-id-657 suspected-sex-abuse Relative,Not available,Relative,her brother-in-law,30/09/2012,Suspected sex abuse,30/09/2012,"Male', Maldives",2012,baby girl between 3 and 4 years old,suspected sex abuse,her brother-in-law
dronename,663,Female 0-4,Female 0-4,baby girl between 2 and 3 years old,female-0-4 crash-id-663 sexual-assault Relative,Not available,Relative,her grandfather,31/03/2014,Sexual assault,31/03/2014,"Male', Maldives",2012,baby girl between 2 and 3 years old,sexual assault,her grandfather
dronename,681,Female 0-4,Female 0-4,baby girl between 2 and 3 years old,female-0-4 crash-id-681 sexual-assault Relative,Not available,Relative,her brother-in-law,,Sexual assault,,"Male', Maldives",2011,baby girl between 2 and 3 years old,sexual assault,her brother-in-law
dronename,711,Female 5-9,Female 5-9,girl between 4 and 5 years old,"female-5-9 crash-id-711 suspected-sex-abuse Known, but Unnamed",Not available,"Known, but Unnamed",someone she knows,,Suspected sex abuse,,"Male', Maldives",2011,girl between 4 and 5 years old,suspected sex abuse,someone she knows
dronename,744,Female 0-4,Female 0-4,baby girl between 1 and 2 years old,female-0-4 crash-id-744 sexual-assault Family Member,Not available,Family Member,her father,,Sexual assault,,"Male', Maldives",2011,baby girl between 1 and 2 years old,sexual assault,her father
dronename,750,Female 0-4,Female 0-4,baby girl between 3 and 4 years old,female-0-4 crash-id-750 sexual-assault Relative,Not available,Relative,her brother-in-law,,Sexual assault,,"Male', Maldives",2011,baby girl between 3 and 4 years old,sexual assault,her brother-in-law
dronename,766,Female 10-14,Female 10-14,girl between 9 and 10 years old,female-10-14 crash-id-766 suspected-sex-abuse Family Member,Not available,Family Member,her father,,Suspected sex abuse,,"Male', Maldives",2011,girl between 9 and 10 years old,suspected sex abuse,her father
dronename,845,Female 0-4,Female 0-4,baby girl between 2 and 3 years old,"female-0-4 crash-id-845 sexual-assault Known, but Unnamed",Not available,"Known, but Unnamed",someone she knows,,Sexual assault,,"Male', Maldives",2011,baby girl between 2 and 3 years old,sexual assault,someone she knows
dronename,955,Female 5-9,Female 5-9,girl between 5 and 6 years old,"female-5-9 crash-id-955 sexual-assault Known, but Unnamed",Not available,"Known, but Unnamed",her mother's friend,,Sexual assault,,"Male', Maldives",2011,girl between 5 and 6 years old,sexual assault,her mother's friend
dronename,959,Female 5-9,Female 5-9,girl between 4 and 5 years old,female-5-9 crash-id-959 sexual-assault Relative,Not available,Relative,her uncle,,Sexual assault,,"Male', Maldives",2011,girl between 4 and 5 years old,sexual assault,her uncle
dronename,966,Female 5-9,Female 5-9,girl between 8 and 9 years old,female-5-9 crash-id-966 sexual-assault Relative,Not available,Relative,her stepfather,,Sexual assault,,"Male', Maldives",2011,girl between 8 and 9 years old,sexual assault,her stepfather
dronename,989,Female 5-9,Female 5-9,girl between 7 and 8 years old,female-5-9 crash-id-989 sexual-assault Relative,Not available,Relative,her stepfather,,Sexual assault,,"Male', Maldives",2011,girl between 7 and 8 years old,sexual assault,her stepfather
dronename,992,Female 0-4,Female 0-4,baby girl between 2 and 3 years old,female-0-4 crash-id-992 sexual-assault Relative,Not available,Relative,her stepfather,,Sexual assault,,"Male', Maldives",2011,baby girl between 2 and 3 years old,sexual assault,her stepfather
dronename,994,Female 0-4,Female 0-4,baby girl between 3 and 4 years old,female-0-4 crash-id-994 suspected-sex-abuse Family Member,Not available,Family Member,her mother,,Suspected sex abuse,,"Male', Maldives",2011,baby girl between 3 and 4 years old,suspected sex abuse,her mother
dronename,996,Female 5-9,Female 5-9,girl between 4 and 5 years old,female-5-9 crash-id-996 sexual-assault Relative,Not available,Relative,her cousin,,Sexual assault,,"Male', Maldives",2011,girl between 4 and 5 years old,sexual assault,her cousin
dronename,997,Female 5-9,Female 5-9,girl between 6 and 7 years old,"female-5-9 crash-id-997 suspected-sex-abuse Known, but Unnamed",Not available,"Known, but Unnamed",someone she knows,,Suspected sex abuse,,"Male', Maldives",2011,girl between 6 and 7 years old,suspected sex abuse,someone she knows
dronename,998,Female 5-9,Female 5-9,girl between 4 and 5 years old,female-5-9 crash-id-998 suspected-sex-abuse Relative,Not available,Relative,her cousin,,Suspected sex abuse,,"Male', Maldives",2011,girl between 4 and 5 years old,suspected sex abuse,her cousin
dronename,1014,Female 5-9,Female 5-9,girl between 6 and 7 years old,female-5-9 crash-id-1014 sexual-assault Relative,Not available,Relative,her stepfather,,Sexual assault,,"Male', Maldives",2011,girl between 6 and 7 years old,sexual assault,her stepfather
dronename,1018,Female 0-4,Female 0-4,baby girl between 1 and 2 years old,"female-0-4 crash-id-1018 sexual-assault Known, but Unnamed",Not available,"Known, but Unnamed",someone she knows,,Sexual assault,,"Male', Maldives",2011,baby girl between 1 and 2 years old,sexual assault,someone she knows
dronename,1038,Female 10-14,Female 10-14,girl between 10 and 11 years old,female-10-14 crash-id-1038 sexual-assault Relative,Not available,Relative,her stepfather,,Sexual assault,,"Male', Maldives",2009,girl between 10 and 11 years old,sexual assault,her stepfather
dronename,1039,Female 15-19,Female 15-19,girl between 16 and 17 years old,female-15-19 crash-id-1039 sexual-assault Family Member,Not available,Family Member,her father,,Sexual assault,,"Male', Maldives",2009,girl between 16 and 17 years old,sexual assault,her father
dronename,1040,Female 0-4,Female 0-4,baby girl between 0 and 1 years old,female-0-4 crash-id-1040 sexual-assault Unknown Stranger,Not available,Unknown Stranger,an unknown stranger,,Sexual assault,,"Male', Maldives",2009,baby girl between 0 and 1 years old,sexual assault,an unknown stranger
dronename,1041,Female 0-4,Female 0-4,baby girl between 1 and 2 years old,female-0-4 crash-id-1041 suspected-sex-abuse Family Member,Not available,Family Member,her father,,Suspected sex abuse,,"Male', Maldives",2011,baby girl between 1 and 2 years old,suspected sex abuse,her father
dronename,1051,Female 0-4,Female 0-4,baby girl between 2 and 3 years old,female-0-4 crash-id-1051 sexual-assault Family Member,Not available,Family Member,her father,,Sexual assault,,"Male', Maldives",2010,baby girl between 2 and 3 years old,sexual assault,her father
dronename,1052,Female 5-9,Female 5-9,girl between 6 and 7 years old,"female-5-9 crash-id-1052 suspected-sex-abuse Known, but Unnamed",Not available,"Known, but Unnamed",someone she knows,,Suspected sex abuse,,"Male', Maldives",2010,girl between 6 and 7 years old,suspected sex abuse,someone she knows
dronename,1055,Female 10-14,Female 10-14,girl between 10 and 11 years old,female-10-14 crash-id-1055 sexual-assault Relative,Not available,Relative,her uncle,,Sexual assault,,"Male', Maldives",2009,girl between 10 and 11 years old,sexual assault,her uncle
dronename,1057,Female 10-14,Female 10-14,girl between 11 and 12 years old,female-10-14 crash-id-1057 sexual-assault Unknown Stranger,Not available,Unknown Stranger,an unknown stranger,,Sexual assault,,"Male', Maldives",2009,girl between 11 and 12 years old,sexual assault,an unknown stranger
dronename,1058,Female 10-14,Female 10-14,girl between 12 and 13 years old,female-10-14 crash-id-1058 sexual-assault Relative,Not available,Relative,her stepfather,,Sexual assault,,"Male', Maldives",2009,girl between 12 and 13 years old,sexual assault,her stepfather
dronename,1059,Female 10-14,Female 10-14,girl between 12 and 13 years old,"female-10-14 crash-id-1059 sexual-assault Known, but Unnamed",Not available,"Known, but Unnamed",someone she knows,,Sexual assault,,"Male', Maldives",2009,girl between 12 and 13 years old,sexual assault,someone she knows
dronename,1062,Female 10-14,Female 10-14,girl between 13 and 14 years old,female-10-14 crash-id-1062 sexual-assault Not Stated,Not available,Not Stated,an unnamed person,,Sexual assault,,"Male', Maldives",2009,girl between 13 and 14 years old,sexual assault,an unnamed person
dronename,1063,Female 10-14,Female 10-14,girl between 13 and 14 years old,female-10-14 crash-id-1063 sexual-assault Family Member,Not available,Family Member,her relative,,Sexual assault,,"Male', Maldives",2009,girl between 13 and 14 years old,sexual assault,her relative
dronename,1064,Female 10-14,Female 10-14,girl between 13 and 14 years old,"female-10-14 crash-id-1064 sexual-assault Known, but Unnamed",Not available,"Known, but Unnamed",someone she knows,,Sexual assault,,"Male', Maldives",2009,girl between 13 and 14 years old,sexual assault,someone she knows
dronename,1065,Female 10-14,Female 10-14,girl between 13 and 14 years old,female-10-14 crash-id-1065 sexual-assault Family Member,Not available,Family Member,her brother,,Sexual assault,,"Male', Maldives",2009,girl between 13 and 14 years old,sexual assault,her brother
dronename,1067,Female 10-14,Female 10-14,girl between 13 and 14 years old,female-10-14 crash-id-1067 sexual-assault Family Member,Not available,Family Member,her father,,Sexual assault,,"Male', Maldives",2009,girl between 13 and 14 years old,sexual assault,her father
dronename,1069,Female 15-19,Female 15-19,girl between 14 and 15 years old,"female-15-19 crash-id-1069 sexual-assault Known, but Unnamed",Not available,"Known, but Unnamed",someone she knows,,Sexual assault,,"Male', Maldives",2009,girl between 14 and 15 years old,sexual assault,someone she knows
dronename,1072,Female 15-19,Female 15-19,girl between 15 and 16 years old,female-15-19 crash-id-1072 sexual-assault Family Member,Not available,Family Member,her father,,Sexual assault,,"Male', Maldives",2009,girl between 15 and 16 years old,sexual assault,her father
dronename,1075,Female 15-19,Female 15-19,girl between 16 and 17 years old,female-15-19 crash-id-1075 sexual-assault Unknown Stranger,Not available,Unknown Stranger,an unknown stranger,,Sexual assault,,"Male', Maldives",2009,girl between 16 and 17 years old,sexual assault,an unknown stranger
dronename,1079,Female 15-19,Female 15-19,girl between 16 and 17 years old,"female-15-19 crash-id-1079 sexual-assault Known, but Unnamed",Not available,"Known, but Unnamed",someone she knows,,Sexual assault,,"Male', Maldives",2009,girl between 16 and 17 years old,sexual assault,someone she knows
dronename,1080,Female 15-19,Female 15-19,girl between 16 and 17 years old,"female-15-19 crash-id-1080 sexual-assault Known, but Unnamed",Not available,"Known, but Unnamed",someone she knows,,Sexual assault,,"Male', Maldives",2009,girl between 16 and 17 years old,sexual assault,someone she knows
dronename,1082,Female 15-19,Female 15-19,woman between 17 and 18 years old,female-15-19 crash-id-1082 sexual-assault Family Member,Not available,Family Member,her family,,Sexual assault,,"Male', Maldives",2009,woman between 17 and 18 years old,sexual assault,her family
dronename,1083,Female 15-19,Female 15-19,woman between 18 and 19 years old,female-15-19 crash-id-1083 sexual-assault Family Member,Not available,Family Member,her relative,,Sexual assault,,"Male', Maldives",2009,woman between 18 and 19 years old,sexual assault,her relative
dronename,1084,Female 15-19,Female 15-19,woman between 18 and 19 years old,"female-15-19 crash-id-1084 sexual-assault Known, but Unnamed",Not available,"Known, but Unnamed",someone she knows,,Sexual assault,,"Male', Maldives",2009,woman between 18 and 19 years old,sexual assault,someone she knows
dronename,1087,Female 35+,Female 35+,woman between 44 and 45 years old,female-35+ crash-id-1087 sexual-assault Unknown Stranger,Not available,Unknown Stranger,an unknown stranger,,Sexual assault,,"Male', Maldives",2009,woman between 44 and 45 years old,sexual assault,an unknown stranger
dronename,1088,Female 10-14,Female 10-14,girl between 12 and 13 years old,female-10-14 crash-id-1088 sexual-assault Not Stated,Not available,Not Stated,an unnamed person,,Sexual assault,,"Male', Maldives",2009,girl between 12 and 13 years old,sexual assault,an unnamed person
dronename,1089,Female 10-14,Female 10-14,girl between 11 and 12 years old,"female-10-14 crash-id-1089 sexual-assault Known, but Unnamed",Not available,"Known, but Unnamed",someone she knows,,Sexual assault,,"Male', Maldives",2009,girl between 11 and 12 years old,sexual assault,someone she knows
dronename,1090,Female 15-19,Female 15-19,girl between 15 and 16 years old,female-15-19 crash-id-1090 sexual-assault Family Member,Not available,Family Member,her father,,Sexual assault,,"Male', Maldives",2009,girl between 15 and 16 years old,sexual assault,her father
dronename,1092,Female 10-14,Female 10-14,girl between 11 and 12 years old,female-10-14 crash-id-1092 sexual-assault Family Member,Not available,Family Member,her father,,Sexual assault,,"Male', Maldives",2010,girl between 11 and 12 years old,sexual assault,her father
dronename,1093,Female 10-14,Female 10-14,girl between 13 and 14 years old,female-10-14 crash-id-1093 sexual-assault Relative,Not available,Relative,her stepfather,,Sexual assault,,"Male', Maldives",2010,girl between 13 and 14 years old,sexual assault,her stepfather
dronename,1094,Female 0-4,Female 0-4,baby girl between 3 and 4 years old,female-0-4 crash-id-1094 sexual-assault Family Member,Not available,Family Member,her relative,,Sexual assault,,"Male', Maldives",2010,baby girl between 3 and 4 years old,sexual assault,her relative
dronename,1098,Female 15-19,Female 15-19,woman between 17 and 18 years old,female-15-19 crash-id-1098 sexual-assault Family Member,Not available,Family Member,her father,,Sexual assault,,"Male', Maldives",2010,woman between 17 and 18 years old,sexual assault,her father
dronename,1100,Female 10-14,Female 10-14,girl between 10 and 11 years old,female-10-14 crash-id-1100 sexual-assault Relative,Not available,Relative,her uncle,,Sexual assault,,"Male', Maldives",2010,girl between 10 and 11 years old,sexual assault,her uncle
dronename,1102,Female 15-19,Female 15-19,girl between 14 and 15 years old,female-15-19 crash-id-1102 sexual-assault Unknown Stranger,Not available,Unknown Stranger,an unknown stranger,,Sexual assault,,"Male', Maldives",2010,girl between 14 and 15 years old,sexual assault,an unknown stranger
dronename,1106,Female 5-9,Female 5-9,girl between 4 and 5 years old,female-5-9 crash-id-1106 suspected-sex-abuse Not Stated,Not available,Not Stated,an unnamed person,,Suspected sex abuse,,"Male', Maldives",2010,girl between 4 and 5 years old,suspected sex abuse,an unnamed person
dronename,1107,Female 0-4,Female 0-4,baby girl between 1 and 2 years old,female-0-4 crash-id-1107 suspected-sex-abuse Not Stated,Not available,Not Stated,an unnamed person,,Suspected sex abuse,,"Male', Maldives",2010,baby girl between 1 and 2 years old,suspected sex abuse,an unnamed person
dronename,1110,Female 10-14,Female 10-14,girl between 11 and 12 years old,female-10-14 crash-id-1110 sexual-assault Unknown Stranger,Not available,Unknown Stranger,an unknown stranger,,Sexual assault,,"Male', Maldives",2010,girl between 11 and 12 years old,sexual assault,an unknown stranger
dronename,1111,Female 10-14,Female 10-14,girl between 13 and 14 years old,female-10-14 crash-id-1111 sexual-assault Unknown Stranger,Not available,Unknown Stranger,an unknown stranger,,Sexual assault,,"Male', Maldives",2010,girl between 13 and 14 years old,sexual assault,an unknown stranger
dronename,1112,Female 15-19,Female 15-19,girl between 15 and 16 years old,female-15-19 crash-id-1112 sexual-assault Relative,Not available,Relative,her uncle,,Sexual assault,,"Male', Maldives",2010,girl between 15 and 16 years old,sexual assault,her uncle
dronename,1113,Female 5-9,Female 5-9,girl between 4 and 5 years old,female-5-9 crash-id-1113 suspected-sex-abuse Relative,Not available,Relative,her uncle,,Suspected sex abuse,,"Male', Maldives",2010,girl between 4 and 5 years old,suspected sex abuse,her uncle
dronename,1114,Female 10-14,Female 10-14,girl between 9 and 10 years old,"female-10-14 crash-id-1114 sexual-assault Known, but Unnamed",Not available,"Known, but Unnamed",someone she knows,,Sexual assault,,"Male', Maldives",2010,girl between 9 and 10 years old,sexual assault,someone she knows
dronename,1115,Female 5-9,Female 5-9,girl between 5 and 6 years old,"female-5-9 crash-id-1115 sexual-assault Known, but Unnamed",Not available,"Known, but Unnamed",someone she knows,,Sexual assault,,"Male', Maldives",2010,girl between 5 and 6 years old,sexual assault,someone she knows
dronename,1117,Female 20-24,Female 20-24,woman between 20 and 21 years old,"female-20-24 crash-id-1117 sexual-assault Known, but Unnamed",Not available,"Known, but Unnamed",someone she knows,,Sexual assault,,"Male', Maldives",2010,woman between 20 and 21 years old,sexual assault,someone she knows
dronename,1118,Female 25-29,Female 25-29,woman between 25 and 26 years old,"female-25-29 crash-id-1118 sexual-assault Known, but Unnamed",Not available,"Known, but Unnamed",her friend,,Sexual assault,,"Male', Maldives",2010,woman between 25 and 26 years old,sexual assault,her friend
dronename,1121,Female 15-19,Female 15-19,woman between 17 and 18 years old,female-15-19 crash-id-1121 sexual-assault Unknown Stranger,Not available,Unknown Stranger,an unknown stranger,,Sexual assault,,"Male', Maldives",2010,woman between 17 and 18 years old,sexual assault,an unknown stranger
dronename,1123,Female 5-9,Female 5-9,girl between 8 and 9 years old,"female-5-9 crash-id-1123 sexual-assault Known, but Unnamed",Not available,"Known, but Unnamed",someone she knows,,Sexual assault,,"Male', Maldives",2010,girl between 8 and 9 years old,sexual assault,someone she knows
dronename,1124,Female 15-19,Female 15-19,girl between 16 and 17 years old,female-15-19 crash-id-1124 sexual-assault Relative,Not available,Relative,her uncle,,Sexual assault,,"Male', Maldives",2010,girl between 16 and 17 years old,sexual assault,her uncle
dronename,1126,Female 5-9,Female 5-9,girl between 8 and 9 years old,female-5-9 crash-id-1126 sexual-assault Family Member,Not available,Family Member,her father,,Sexual assault,,"Male', Maldives",2010,girl between 8 and 9 years old,sexual assault,her father
dronename,1127,Female 0-4,Female 0-4,baby girl between 3 and 4 years old,"female-0-4 crash-id-1127 suspected-sex-abuse Known, but Unnamed",Not available,"Known, but Unnamed",someone she knows,,Suspected sex abuse,,"Male', Maldives",2010,baby girl between 3 and 4 years old,suspected sex abuse,someone she knows
dronename,1129,Female 10-14,Female 10-14,girl between 11 and 12 years old,female-10-14 crash-id-1129 sexual-assault Unknown Stranger,Not available,Unknown Stranger,an unknown stranger,,Sexual assault,,"Male', Maldives",2011,girl between 11 and 12 years old,sexual assault,an unknown stranger
dronename,1130,Female 10-14,Female 10-14,girl between 11 and 12 years old,female-10-14 crash-id-1130 sexual-assault Unknown Stranger,Not available,Unknown Stranger,an unknown stranger,,Sexual assault,,"Male', Maldives",2011,girl between 11 and 12 years old,sexual assault,an unknown stranger
dronename,1132,Female 15-19,Female 15-19,girl between 14 and 15 years old,"female-15-19 crash-id-1132 sexual-assault Known, but Unnamed",Not available,"Known, but Unnamed",someone she knows,,Sexual assault,,"Male', Maldives",2011,girl between 14 and 15 years old,sexual assault,someone she knows
dronename,1134,Female 5-9,Female 5-9,girl between 6 and 7 years old,"female-5-9 crash-id-1134 sexual-assault Known, but Unnamed",Not available,"Known, but Unnamed",someone she knows,,Sexual assault,,"Male', Maldives",2010,girl between 6 and 7 years old,sexual assault,someone she knows
dronename,1135,Female 10-14,Female 10-14,girl between 13 and 14 years old,female-10-14 crash-id-1135 sexual-assault Relative,Not available,Relative,her brother-in-law,,Sexual assault,,"Male', Maldives",2011,girl between 13 and 14 years old,sexual assault,her brother-in-law
dronename,1136,Female 5-9,Female 5-9,girl between 7 and 8 years old,"female-5-9 crash-id-1136 sexual-assault Known, but Unnamed",Not available,"Known, but Unnamed",someone she knows,,Sexual assault,,"Male', Maldives",2010,girl between 7 and 8 years old,sexual assault,someone she knows
dronename,1137,Female 0-4,Female 0-4,baby girl between 3 and 4 years old,"female-0-4 crash-id-1137 sexual-assault Known, but Unnamed",Not available,"Known, but Unnamed",someone she knows,,Sexual assault,,"Male', Maldives",2010,baby girl between 3 and 4 years old,sexual assault,someone she knows
dronename,1140,Female 5-9,Female 5-9,girl between 8 and 9 years old,female-5-9 crash-id-1140 sexual-assault Relative,Not available,Relative,her stepfather,,Sexual assault,,"Male', Maldives",2010,girl between 8 and 9 years old,sexual assault,her stepfather
dronename,1141,Female 15-19,Female 15-19,girl between 15 and 16 years old,"female-15-19 crash-id-1141 sexual-assault Known, but Unnamed",Not available,"Known, but Unnamed",someone she knows,,Sexual assault,,"Male', Maldives",2011,girl between 15 and 16 years old,sexual assault,someone she knows
dronename,1142,Female 15-19,Female 15-19,girl between 15 and 16 years old,female-15-19 crash-id-1142 sexual-assault Family Member,Not available,Family Member,her father,,Sexual assault,,"Male', Maldives",2011,girl between 15 and 16 years old,sexual assault,her father
dronename,1144,Female 15-19,Female 15-19,girl between 16 and 17 years old,female-15-19 crash-id-1144 sexual-assault Unknown Stranger,Not available,Unknown Stranger,an unknown stranger,,Sexual assault,,"Male', Maldives",2011,girl between 16 and 17 years old,sexual assault,an unknown stranger
dronename,1146,Female 10-14,Female 10-14,girl between 10 and 11 years old,female-10-14 crash-id-1146 sexual-assault Family Member,Not available,Family Member,her father,,Sexual assault,,"Male', Maldives",2011,girl between 10 and 11 years old,sexual assault,her father
dronename,1149,Female 10-14,Female 10-14,girl between 13 and 14 years old,female-10-14 crash-id-1149 sexual-assault Relative,Not available,Relative,her cousin,,Sexual assault,,"Male', Maldives",2011,girl between 13 and 14 years old,sexual assault,her cousin
dronename,1150,Female 0-4,Female 0-4,baby girl between 2 and 3 years old,"female-0-4 crash-id-1150 sexual-assault Known, but Unnamed",Not available,"Known, but Unnamed",someone she knows,,Sexual assault,,"Male', Maldives",2010,baby girl between 2 and 3 years old,sexual assault,someone she knows
dronename,1152,Female 15-19,Female 15-19,girl between 15 and 16 years old,female-15-19 crash-id-1152 sexual-assault Family Member,Not available,Family Member,multiple people,,Sexual assault,,"Male', Maldives",2011,girl between 15 and 16 years old,sexual assault,multiple people
dronename,1153,Female 20-24,Female 20-24,woman between 21 and 22 years old,female-20-24 crash-id-1153 sexual-assault Family Member,Not available,Family Member,her mother,,Sexual assault,,"Male', Maldives",2011,woman between 21 and 22 years old,sexual assault,her mother
dronename,1154,Female 25-29,Female 25-29,woman between 26 and 27 years old,female-25-29 crash-id-1154 sexual-assault Relative,Not available,Relative,her cousin,,Sexual assault,,"Male', Maldives",2011,woman between 26 and 27 years old,sexual assault,her cousin
dronename,1155,Female 5-9,Female 5-9,girl between 4 and 5 years old,female-5-9 crash-id-1155 suspected-sex-abuse Family Member,Not available,Family Member,her parents,,Suspected sex abuse,,"Male', Maldives",2010,girl between 4 and 5 years old,suspected sex abuse,her parents
dronename,1156,Female 10-14,Female 10-14,girl between 11 and 12 years old,female-10-14 crash-id-1156 sexual-assault Family Member,Not available,Family Member,her father,,Sexual assault,,"Male', Maldives",2011,girl between 11 and 12 years old,sexual assault,her father
dronename,1157,Female 10-14,Female 10-14,girl between 13 and 14 years old,female-10-14 crash-id-1157 sexual-assault Relative,Not available,Relative,her uncle,,Sexual assault,,"Male', Maldives",2011,girl between 13 and 14 years old,sexual assault,her uncle
dronename,1160,Female 15-19,Female 15-19,girl between 14 and 15 years old,female-15-19 crash-id-1160 sexual-assault Family Member,Not available,Family Member,her father,,Sexual assault,,"Male', Maldives",2011,girl between 14 and 15 years old,sexual assault,her father
dronename,1167,Female 10-14,Female 10-14,girl between 13 and 14 years old,"female-10-14 crash-id-1167 sexual-assault Known, but Unnamed",Not available,"Known, but Unnamed",her mother's friend,,Sexual assault,,"Male', Maldives",2012,girl between 13 and 14 years old,sexual assault,her mother's friend
dronename,1172,Female 5-9,Female 5-9,girl between 5 and 6 years old,female-5-9 crash-id-1172 sexual-assault Unknown Stranger,Not available,Unknown Stranger,an unknown stranger,,Sexual assault,,"Male', Maldives",2012,girl between 5 and 6 years old,sexual assault,an unknown stranger
dronename,1173,Female 15-19,Female 15-19,girl between 16 and 17 years old,female-15-19 crash-id-1173 sexual-assault Relative,Not available,Relative,her stepfather,,Sexual assault,,"Male', Maldives",2012,girl between 16 and 17 years old,sexual assault,her stepfather
dronename,1176,Female 10-14,Female 10-14,girl between 13 and 14 years old,"female-10-14 crash-id-1176 sexual-assault Known, but Unnamed",Not available,"Known, but Unnamed",her friend,,Sexual assault,,"Male', Maldives",2012,girl between 13 and 14 years old,sexual assault,her friend
dronename,1177,Female 10-14,Female 10-14,girl between 12 and 13 years old,"female-10-14 crash-id-1177 sexual-assault Known, but Unnamed",Not available,"Known, but Unnamed",her friend,,Sexual assault,,"Male', Maldives",2012,girl between 12 and 13 years old,sexual assault,her friend
dronename,1178,Female 10-14,Female 10-14,girl between 11 and 12 years old,"female-10-14 crash-id-1178 sexual-assault Known, but Unnamed",Not available,"Known, but Unnamed",someone she knows,,Sexual assault,,"Male', Maldives",2012,girl between 11 and 12 years old,sexual assault,someone she knows
dronename,1179,Female 10-14,Female 10-14,girl between 10 and 11 years old,"female-10-14 crash-id-1179 sexual-assault Known, but Unnamed",Not available,"Known, but Unnamed",someone she knows,,Sexual assault,,"Male', Maldives",2012,girl between 10 and 11 years old,sexual assault,someone she knows
dronename,1181,Female 10-14,Female 10-14,girl between 13 and 14 years old,female-10-14 crash-id-1181 sexual-assault Family Member,Not available,Family Member,her father,,Sexual assault,,"Male', Maldives",2012,girl between 13 and 14 years old,sexual assault,her father
dronename,1183,Female 15-19,Female 15-19,girl between 16 and 17 years old,female-15-19 crash-id-1183 sexual-assault Relative,Not available,Relative,her cousin,,Sexual assault,,"Male', Maldives",2012,girl between 16 and 17 years old,sexual assault,her cousin
dronename,1185,Female 15-19,Female 15-19,girl between 15 and 16 years old,female-15-19 crash-id-1185 sexual-assault Family Member,Not available,Family Member,her father,,Sexual assault,,"Male', Maldives",2012,girl between 15 and 16 years old,sexual assault,her father
dronename,1187,Female 10-14,Female 10-14,girl between 12 and 13 years old,female-10-14 crash-id-1187 sexual-assault Relative,Not available,Relative,her uncle,,Sexual assault,,"Male', Maldives",2012,girl between 12 and 13 years old,sexual assault,her uncle
dronename,1188,Female 15-19,Female 15-19,girl between 16 and 17 years old,female-15-19 crash-id-1188 sexual-assault Relative,Not available,Relative,her stepfather,,Sexual assault,,"Male', Maldives",2012,girl between 16 and 17 years old,sexual assault,her stepfather
dronename,1191,Female 35+,Female 35+,woman between 75 and 76 years old,"female-35+ crash-id-1191 sexual-assault Known, but Unnamed",Not available,"Known, but Unnamed",someone she knows,,Sexual assault,,"Male', Maldives",2012,woman between 75 and 76 years old,sexual assault,someone she knows
dronename,1197,Female 15-19,Female 15-19,girl between 15 and 16 years old,"female-15-19 crash-id-1197 sexual-assault Known, but Unnamed",Not available,"Known, but Unnamed",someone she knows,,Sexual assault,,"Male', Maldives",2012,girl between 15 and 16 years old,sexual assault,someone she knows
dronename,1199,Female 10-14,Female 10-14,girl between 13 and 14 years old,female-10-14 crash-id-1199 sexual-assault Relative,Not available,Relative,her stepfather,,Sexual assault,,"Male', Maldives",2012,girl between 13 and 14 years old,sexual assault,her stepfather
dronename,1200,Female 10-14,Female 10-14,girl between 12 and 13 years old,"female-10-14 crash-id-1200 sexual-assault Known, but Unnamed",Not available,"Known, but Unnamed",her mother's friend,,Sexual assault,,"Male', Maldives",2012,girl between 12 and 13 years old,sexual assault,her mother's friend
dronename,1201,Female 10-14,Female 10-14,girl between 13 and 14 years old,female-10-14 crash-id-1201 sexual-assault Relative,Not available,Relative,her stepfather,,Sexual assault,,"Male', Maldives",2012,girl between 13 and 14 years old,sexual assault,her stepfather
dronename,1207,Female 15-19,Female 15-19,girl between 16 and 17 years old,"female-15-19 crash-id-1207 sexual-assault Known, but Unnamed",Not available,"Known, but Unnamed",her friend,,Sexual assault,,"Male', Maldives",2013,girl between 16 and 17 years old,sexual assault,her friend
dronename,1208,Female 10-14,Female 10-14,girl between 13 and 14 years old,female-10-14 crash-id-1208 sexual-assault Family Member,Not available,Family Member,her father,,Sexual assault,,"Male', Maldives",2013,girl between 13 and 14 years old,sexual assault,her father
dronename,1210,Female 15-19,Female 15-19,woman between 18 and 19 years old,female-15-19 crash-id-1210 sexual-assault Relative,Not available,Relative,her uncle,,Sexual assault,,"Male', Maldives",2013,woman between 18 and 19 years old,sexual assault,her uncle
dronename,1211,Female 20-24,Female 20-24,woman between 23 and 24 years old,"female-20-24 crash-id-1211 sexual-assault Known, but Unnamed",Not available,"Known, but Unnamed",her friend,,Sexual assault,,"Male', Maldives",2013,woman between 23 and 24 years old,sexual assault,her friend
dronename,1214,Female 15-19,Female 15-19,girl between 16 and 17 years old,female-15-19 crash-id-1214 sexual-assault Relative,Not available,Relative,her cousin,,Sexual assault,,"Male', Maldives",2013,girl between 16 and 17 years old,sexual assault,her cousin
dronename,1217,Female 15-19,Female 15-19,girl between 15 and 16 years old,female-15-19 crash-id-1217 sexual-assault Relative,Not available,Relative,her brother-in-law,,Sexual assault,,"Male', Maldives",2013,girl between 15 and 16 years old,sexual assault,her brother-in-law
dronename,1218,Female 15-19,Female 15-19,girl between 14 and 15 years old,female-15-19 crash-id-1218 sexual-assault Relative,Not available,Relative,her stepfather,,Sexual assault,,"Male', Maldives",2013,girl between 14 and 15 years old,sexual assault,her stepfather
dronename,1219,Female 15-19,Female 15-19,girl between 14 and 15 years old,female-15-19 crash-id-1219 sexual-assault Relative,Not available,Relative,her stepfather,,Sexual assault,,"Male', Maldives",2013,girl between 14 and 15 years old,sexual assault,her stepfather
dronename,1222,Female 35+,Female 35+,woman between 35 and 36 years old,"female-35+ crash-id-1222 sexual-assault Known, but Unnamed",Not available,"Known, but Unnamed",her neighbor,,Sexual assault,,"Male', Maldives",2013,woman between 35 and 36 years old,sexual assault,her neighbor
dronename,1223,Female 25-29,Female 25-29,woman between 25 and 26 years old,"female-25-29 crash-id-1223 sexual-assault Known, but Unnamed",Not available,"Known, but Unnamed",someone she knows,,Sexual assault,,"Male', Maldives",2013,woman between 25 and 26 years old,sexual assault,someone she knows
dronename,1225,Female 0-4,Female 0-4,baby girl between 3 and 4 years old,female-0-4 crash-id-1225 sexual-assault Family Member,Not available,Family Member,her relative,,Sexual assault,,"Male', Maldives",2009,baby girl between 3 and 4 years old,sexual assault,her relative
dronename,1226,Female 5-9,Female 5-9,girl between 4 and 5 years old,female-5-9 crash-id-1226 sexual-assault Family Member,Not available,Family Member,her father,,Sexual assault,,"Male', Maldives",2009,girl between 4 and 5 years old,sexual assault,her father
dronename,1227,Female 10-14,Female 10-14,girl between 12 and 13 years old,female-10-14 crash-id-1227 sexual-assault Relative,Not available,Relative,her stepfather,,Sexual assault,,"Male', Maldives",2013,girl between 12 and 13 years old,sexual assault,her stepfather
dronename,1231,Female 15-19,Female 15-19,girl between 14 and 15 years old,female-15-19 crash-id-1231 sexual-assault Family Member,Not available,Family Member,her father,,Sexual assault,,"Male', Maldives",2014,girl between 14 and 15 years old,sexual assault,her father
dronename,1232,Female 5-9,Female 5-9,girl between 4 and 5 years old,female-5-9 crash-id-1232 sexual-assault Family Member,Not available,Family Member,her relative,,Sexual assault,,"Male', Maldives",2009,girl between 4 and 5 years old,sexual assault,her relative
dronename,1233,Female 5-9,Female 5-9,girl between 4 and 5 years old,"female-5-9 crash-id-1233 sexual-assault Known, but Unnamed",Not available,"Known, but Unnamed",someone she knows,,Sexual assault,,"Male', Maldives",2009,girl between 4 and 5 years old,sexual assault,someone she knows
dronename,1234,Female 10-14,Female 10-14,girl between 13 and 14 years old,"female-10-14 crash-id-1234 sexual-assault Known, but Unnamed",Not available,"Known, but Unnamed",someone she knows,,Sexual assault,,"Male', Maldives",2014,girl between 13 and 14 years old,sexual assault,someone she knows
dronename,1235,Female 10-14,Female 10-14,girl between 12 and 13 years old,"female-10-14 crash-id-1235 sexual-assault Known, but Unnamed",Not available,"Known, but Unnamed",someone she knows,,Sexual assault,,"Male', Maldives",2014,girl between 12 and 13 years old,sexual assault,someone she knows
dronename,1237,Female 15-19,Female 15-19,girl between 15 and 16 years old,"female-15-19 crash-id-1237 sexual-assault Known, but Unnamed",Not available,"Known, but Unnamed",someone she knows,,Sexual assault,,"Male', Maldives",2014,girl between 15 and 16 years old,sexual assault,someone she knows
dronename,1239,Female 20-24,Female 20-24,woman between 20 and 21 years old,"female-20-24 crash-id-1239 sexual-assault Known, but Unnamed",Not available,"Known, but Unnamed",someone she knows,,Sexual assault,,"Male', Maldives",2014,woman between 20 and 21 years old,sexual assault,someone she knows
dronename,1240,Female 5-9,Female 5-9,girl between 4 and 5 years old,"female-5-9 crash-id-1240 sexual-assault Known, but Unnamed",Not available,"Known, but Unnamed",someone she knows,,Sexual assault,,"Male', Maldives",2009,girl between 4 and 5 years old,sexual assault,someone she knows
dronename,1242,Female 5-9,Female 5-9,girl between 5 and 6 years old,female-5-9 crash-id-1242 sexual-assault Family Member,Not available,Family Member,her relative,,Sexual assault,,"Male', Maldives",2009,girl between 5 and 6 years old,sexual assault,her relative
dronename,1243,Female 20-24,Female 20-24,woman between 20 and 21 years old,"female-20-24 crash-id-1243 sexual-assault Known, but Unnamed",Not available,"Known, but Unnamed",someone she knows,,Sexual assault,,"Male', Maldives",2014,woman between 20 and 21 years old,sexual assault,someone she knows
dronename,1244,Female 10-14,Female 10-14,girl between 12 and 13 years old,female-10-14 crash-id-1244 sexual-assault Relative,Not available,Relative,her stepfather,,Sexual assault,,"Male', Maldives",2014,girl between 12 and 13 years old,sexual assault,her stepfather
dronename,1245,Female 15-19,Female 15-19,girl between 16 and 17 years old,female-15-19 crash-id-1245 sexual-assault Relative,Not available,Relative,her brother-in-law,,Sexual assault,,"Male', Maldives",2014,girl between 16 and 17 years old,sexual assault,her brother-in-law
dronename,1247,Female 5-9,Female 5-9,girl between 6 and 7 years old,female-5-9 crash-id-1247 sexual-assault Family Member,Not available,Family Member,her relative,,Sexual assault,,"Male', Maldives",2009,girl between 6 and 7 years old,sexual assault,her relative
dronename,1248,Female 30-34,Female 30-34,woman between 31 and 32 years old,female-30-34 crash-id-1248 sexual-assault Family Member,Not available,Family Member,her relative,,Sexual assault,,"Male', Maldives",2015,woman between 31 and 32 years old,sexual assault,her relative
dronename,1249,Female 10-14,Female 10-14,girl between 13 and 14 years old,"female-10-14 crash-id-1249 sexual-assault Known, but Unnamed",Not available,"Known, but Unnamed",someone she knows,,Sexual assault,,"Male', Maldives",2015,girl between 13 and 14 years old,sexual assault,someone she knows
dronename,1251,Female 20-24,Female 20-24,woman between 22 and 23 years old,female-20-24 crash-id-1251 sexual-assault Family Member,Not available,Family Member,her father,,Sexual assault,,"Male', Maldives",2015,woman between 22 and 23 years old,sexual assault,her father
dronename,1252,Female 5-9,Female 5-9,girl between 6 and 7 years old,"female-5-9 crash-id-1252 sexual-assault Known, but Unnamed",Not available,"Known, but Unnamed",someone she knows,,Sexual assault,,"Male', Maldives",2009,girl between 6 and 7 years old,sexual assault,someone she knows
dronename,1253,Female 10-14,Female 10-14,girl between 10 and 11 years old,female-10-14 crash-id-1253 sexual-assault Relative,Not available,Relative,her grandfather,,Sexual assault,,"Male', Maldives",2015,girl between 10 and 11 years old,sexual assault,her grandfather
dronename,1254,Female 5-9,Female 5-9,girl between 7 and 8 years old,"female-5-9 crash-id-1254 sexual-assault Known, but Unnamed",Not available,"Known, but Unnamed",someone she knows,,Sexual assault,,"Male', Maldives",2009,girl between 7 and 8 years old,sexual assault,someone she knows
dronename,1255,Female 10-14,Female 10-14,girl between 12 and 13 years old,female-10-14 crash-id-1255 sexual-assault Relative,Not available,Relative,her uncle,,Sexual assault,,"Male', Maldives",2015,girl between 12 and 13 years old,sexual assault,her uncle
dronename,1256,Female 10-14,Female 10-14,girl between 9 and 10 years old,female-10-14 crash-id-1256 sexual-assault Family Member,Not available,Family Member,her father,,Sexual assault,,"Male', Maldives",2009,girl between 9 and 10 years old,sexual assault,her father
dronename,1257,Female 10-14,Female 10-14,girl between 12 and 13 years old,female-10-14 crash-id-1257 sexual-assault Relative,Not available,Relative,her uncle,,Sexual assault,,"Male', Maldives",2015,girl between 12 and 13 years old,sexual assault,her uncle
dronename,1259,Female 10-14,Female 10-14,girl between 9 and 10 years old,female-10-14 crash-id-1259 sexual-assault Family Member,Not available,Family Member,her brother,,Sexual assault,,"Male', Maldives",2009,girl between 9 and 10 years old,sexual assault,her brother
dronename,1261,Female 15-19,Female 15-19,girl between 14 and 15 years old,"female-15-19 crash-id-1261 sexual-assault Known, but Unnamed",Not available,"Known, but Unnamed",a visitor,,Sexual assault,,"Male', Maldives",2010,girl between 14 and 15 years old,sexual assault,a visitor
dronename,1262,Female 15-19,Female 15-19,girl between 16 and 17 years old,female-15-19 crash-id-1262 sexual-assault Relative,Not available,Relative,her brother-in-law,,Sexual assault,,"Male', Maldives",2010,girl between 16 and 17 years old,sexual assault,her brother-in-law
dronename,1265,Female 20-24,Female 20-24,woman between 20 and 21 years old,"female-20-24 crash-id-1265 sexual-assault Known, but Unnamed",Not available,"Known, but Unnamed",someone she knows,,Sexual assault,,"Male', Maldives",2012,woman between 20 and 21 years old,sexual assault,someone she knows
dronename,1267,Female 15-19,Female 15-19,girl between 15 and 16 years old,"female-15-19 crash-id-1267 sexual-assault Known, but Unnamed",Not available,"Known, but Unnamed",someone she knows,,Sexual assault,,"Male', Maldives",2012,girl between 15 and 16 years old,sexual assault,someone she knows
dronename,1268,Female 25-29,Female 25-29,woman between 24 and 25 years old,"female-25-29 crash-id-1268 sexual-assault Known, but Unnamed",Not available,"Known, but Unnamed",someone she knows,,Sexual assault,,"Male', Maldives",2012,woman between 24 and 25 years old,sexual assault,someone she knows
dronename,1269,Female 20-24,Female 20-24,woman between 20 and 21 years old,"female-20-24 crash-id-1269 sexual-assault Known, but Unnamed",Not available,"Known, but Unnamed",someone she knows,,Sexual assault,,"Male', Maldives",2012,woman between 20 and 21 years old,sexual assault,someone she knows
dronename,1271,Female 30-34,Female 30-34,woman between 32 and 33 years old,female-30-34 crash-id-1271 sexual-assault Unknown Stranger,Not available,Unknown Stranger,an unknown stranger,,Sexual assault,,"Male', Maldives",2015,woman between 32 and 33 years old,sexual assault,an unknown stranger
dronename,1295,Female 0-4,Female 0-4,baby girl between 3 and 4 years old,female-0-4 crash-id-1295 suspected-sex-abuse Family Member,Not available,Family Member,her brother,,Suspected sex abuse,,"Male', Maldives",2009,baby girl between 3 and 4 years old,suspected sex abuse,her brother
dronename,1297,Female 5-9,Female 5-9,girl between 4 and 5 years old,female-5-9 crash-id-1297 suspected-sex-abuse Family Member,Not available,Family Member,her relative,,Suspected sex abuse,,"Male', Maldives",2009,girl between 4 and 5 years old,suspected sex abuse,her relative
dronename,1302,Female 5-9,Female 5-9,girl between 6 and 7 years old,female-5-9 crash-id-1302 suspected-sex-abuse Family Member,Not available,Family Member,her father,,Suspected sex abuse,,"Male', Maldives",2009,girl between 6 and 7 years old,suspected sex abuse,her father
dronename,1313,Female 5-9,Female 5-9,girl between 7 and 8 years old,female-5-9 crash-id-1313 suspected-sex-abuse Not Stated,Not available,Not Stated,an unnamed person,,Suspected sex abuse,,"Male', Maldives",2009,girl between 7 and 8 years old,suspected sex abuse,an unnamed person
dronename,1324,Female 5-9,Female 5-9,girl between 8 and 9 years old,female-5-9 crash-id-1324 suspected-sex-abuse Not Stated,Not available,Not Stated,an unnamed person,,Suspected sex abuse,,"Male', Maldives",2009,girl between 8 and 9 years old,suspected sex abuse,an unnamed person
dronename,1325,Female 10-14,Female 10-14,girl between 9 and 10 years old,female-10-14 crash-id-1325 suspected-sex-abuse Not Stated,Not available,Not Stated,an unnamed person,,Suspected sex abuse,,"Male', Maldives",2009,girl between 9 and 10 years old,suspected sex abuse,an unnamed person
dronename,1339,Female 15-19,Female 15-19,girl between 15 and 16 years old,female-15-19 crash-id-1339 suspected-sex-abuse Not Stated,Not available,Not Stated,an unnamed person,,Suspected sex abuse,,"Male', Maldives",2009,girl between 15 and 16 years old,suspected sex abuse,an unnamed person
dronename,1340,Female 15-19,Female 15-19,girl between 16 and 17 years old,female-15-19 crash-id-1340 suspected-sex-abuse Not Stated,Not available,Not Stated,an unnamed person,,Suspected sex abuse,,"Male', Maldives",2009,girl between 16 and 17 years old,suspected sex abuse,an unnamed person
dronename,1344,Female 5-9,Female 5-9,girl between 5 and 6 years old,female-5-9 crash-id-1344 suspected-sex-abuse Unknown Stranger,Not available,Unknown Stranger,an unknown stranger,,Suspected sex abuse,,"Male', Maldives",2009,girl between 5 and 6 years old,suspected sex abuse,an unknown stranger
dronename,1349,Female 5-9,Female 5-9,girl between 7 and 8 years old,female-5-9 crash-id-1349 suspected-sex-abuse Unknown Stranger,Not available,Unknown Stranger,an unknown stranger,,Suspected sex abuse,,"Male', Maldives",2009,girl between 7 and 8 years old,suspected sex abuse,an unknown stranger
dronename,1350,Female 5-9,Female 5-9,girl between 7 and 8 years old,female-5-9 crash-id-1350 suspected-sex-abuse Unknown Stranger,Not available,Unknown Stranger,an unknown stranger,,Suspected sex abuse,,"Male', Maldives",2009,girl between 7 and 8 years old,suspected sex abuse,an unknown stranger
dronename,1352,Female 5-9,Female 5-9,girl between 8 and 9 years old,female-5-9 crash-id-1352 suspected-sex-abuse Unknown Stranger,Not available,Unknown Stranger,an unknown stranger,,Suspected sex abuse,,"Male', Maldives",2009,girl between 8 and 9 years old,suspected sex abuse,an unknown stranger
dronename,1355,Female 10-14,Female 10-14,girl between 12 and 13 years old,female-10-14 crash-id-1355 suspected-sex-abuse Family Member,Not available,Family Member,her father,,Suspected sex abuse,,"Male', Maldives",2009,girl between 12 and 13 years old,suspected sex abuse,her father
dronename,1356,Female 10-14,Female 10-14,girl between 12 and 13 years old,female-10-14 crash-id-1356 suspected-sex-abuse Unknown Stranger,Not available,Unknown Stranger,an unknown stranger,,Suspected sex abuse,,"Male', Maldives",2009,girl between 12 and 13 years old,suspected sex abuse,an unknown stranger
dronename,1357,Female 15-19,Female 15-19,girl between 14 and 15 years old,"female-15-19 crash-id-1357 suspected-sex-abuse Known, but Unnamed",Not available,"Known, but Unnamed",her mother's boyfriend,,Suspected sex abuse,,"Male', Maldives",2009,girl between 14 and 15 years old,suspected sex abuse,her mother's boyfriend
dronename,1360,Female 15-19,Female 15-19,girl between 14 and 15 years old,female-15-19 crash-id-1360 suspected-sex-abuse Unknown Stranger,Not available,Unknown Stranger,an unknown stranger,,Suspected sex abuse,,"Male', Maldives",2010,girl between 14 and 15 years old,suspected sex abuse,an unknown stranger
dronename,1361,Female 10-14,Female 10-14,girl between 10 and 11 years old,female-10-14 crash-id-1361 suspected-sex-abuse Unknown Stranger,Not available,Unknown Stranger,an unknown stranger,,Suspected sex abuse,,"Male', Maldives",2010,girl between 10 and 11 years old,suspected sex abuse,an unknown stranger
dronename,1362,Female 15-19,Female 15-19,girl between 16 and 17 years old,female-15-19 crash-id-1362 suspected-sex-abuse Family Member,Not available,Family Member,her father,,Suspected sex abuse,,"Male', Maldives",2010,girl between 16 and 17 years old,suspected sex abuse,her father
dronename,1364,Female 15-19,Female 15-19,girl between 15 and 16 years old,female-15-19 crash-id-1364 suspected-sex-abuse Unknown Stranger,Not available,Unknown Stranger,an unnamed person,,Suspected sex abuse,,"Male', Maldives",2010,girl between 15 and 16 years old,suspected sex abuse,an unnamed person
dronename,1365,Female 0-4,Female 0-4,baby girl between 3 and 4 years old,female-0-4 crash-id-1365 suspected-sex-abuse Unknown Stranger,Not available,Unknown Stranger,an unknown stranger,,Suspected sex abuse,,"Male', Maldives",2010,baby girl between 3 and 4 years old,suspected sex abuse,an unknown stranger
dronename,1366,Female 0-4,Female 0-4,baby girl between 3 and 4 years old,female-0-4 crash-id-1366 suspected-sex-abuse Unknown Stranger,Not available,Unknown Stranger,an unknown stranger,,Suspected sex abuse,,"Male', Maldives",2010,baby girl between 3 and 4 years old,suspected sex abuse,an unknown stranger
dronename,1367,Female 5-9,Female 5-9,girl between 4 and 5 years old,female-5-9 crash-id-1367 suspected-sex-abuse Unknown Stranger,Not available,Unknown Stranger,an unknown stranger,,Suspected sex abuse,,"Male', Maldives",2010,girl between 4 and 5 years old,suspected sex abuse,an unknown stranger
dronename,1369,Female 0-4,Female 0-4,baby girl between 1 and 2 years old,female-0-4 crash-id-1369 suspected-sex-abuse Unknown Stranger,Not available,Unknown Stranger,an unknown stranger,,Suspected sex abuse,,"Male', Maldives",2010,baby girl between 1 and 2 years old,suspected sex abuse,an unknown stranger
dronename,1377,Female 15-19,Female 15-19,girl between 14 and 15 years old,female-15-19 crash-id-1377 suspected-sex-abuse Not Stated,Not available,Not Stated,an unnamed person,,Suspected sex abuse,,"Male', Maldives",2010,girl between 14 and 15 years old,suspected sex abuse,an unnamed person
dronename,1379,Female 10-14,Female 10-14,girl between 13 and 14 years old,female-10-14 crash-id-1379 suspected-sex-abuse Relative,Not available,Relative,her uncle,,Suspected sex abuse,,"Male', Maldives",2010,girl between 13 and 14 years old,suspected sex abuse,her uncle
dronename,1381,Female 10-14,Female 10-14,girl between 12 and 13 years old,female-10-14 crash-id-1381 suspected-sex-abuse Family Member,Not available,Family Member,her father,,Suspected sex abuse,,"Male', Maldives",2010,girl between 12 and 13 years old,suspected sex abuse,her father
dronename,1382,Female 0-4,Female 0-4,baby girl between 1 and 2 years old,female-0-4 crash-id-1382 suspected-sex-abuse Unknown Stranger,Not available,Unknown Stranger,an unknown stranger,,Suspected sex abuse,,"Male', Maldives",2011,baby girl between 1 and 2 years old,suspected sex abuse,an unknown stranger
dronename,1385,Female 10-14,Female 10-14,girl between 12 and 13 years old,female-10-14 crash-id-1385 suspected-sex-abuse Relative,Not available,Relative,her stepfather,,Suspected sex abuse,,"Male', Maldives",2011,girl between 12 and 13 years old,suspected sex abuse,her stepfather
dronename,1386,Female 15-19,Female 15-19,girl between 14 and 15 years old,female-15-19 crash-id-1386 suspected-sex-abuse Relative,Not available,Relative,her stepfather,,Suspected sex abuse,,"Male', Maldives",2011,girl between 14 and 15 years old,suspected sex abuse,her stepfather
dronename,1388,Female 15-19,Female 15-19,girl between 14 and 15 years old,"female-15-19 crash-id-1388 suspected-sex-abuse Known, but Unnamed",Not available,"Known, but Unnamed",someone she knows,,Suspected sex abuse,,"Male', Maldives",2011,girl between 14 and 15 years old,suspected sex abuse,someone she knows
dronename,1390,Female 30-34,Female 30-34,woman between 30 and 31 years old,female-30-34 crash-id-1390 suspected-sex-abuse Unknown Stranger,Not available,Unknown Stranger,an unknown stranger,,Suspected sex abuse,,"Male', Maldives",2011,woman between 30 and 31 years old,suspected sex abuse,an unknown stranger
dronename,1393,Female 5-9,Female 5-9,girl between 5 and 6 years old,female-5-9 crash-id-1393 suspected-sex-abuse Unknown Stranger,Not available,Unknown Stranger,an unknown stranger,,Suspected sex abuse,,"Male', Maldives",2011,girl between 5 and 6 years old,suspected sex abuse,an unknown stranger
dronename,1394,Female 0-4,Female 0-4,baby girl between 3 and 4 years old,female-0-4 crash-id-1394 suspected-sex-abuse Unknown Stranger,Not available,Unknown Stranger,an unknown stranger,,Suspected sex abuse,,"Male', Maldives",2011,baby girl between 3 and 4 years old,suspected sex abuse,an unknown stranger
dronename,1397,Female 10-14,Female 10-14,girl between 13 and 14 years old,female-10-14 crash-id-1397 suspected-sex-abuse Relative,Not available,Relative,her stepfather,,Suspected sex abuse,,"Male', Maldives",2011,girl between 13 and 14 years old,suspected sex abuse,her stepfather
dronename,1401,Female 5-9,Female 5-9,girl between 4 and 5 years old,female-5-9 crash-id-1401 suspected-sex-abuse Unknown Stranger,Not available,Unknown Stranger,an unknown stranger,,Suspected sex abuse,,"Male', Maldives",2011,girl between 4 and 5 years old,suspected sex abuse,an unknown stranger
dronename,1403,Female 10-14,Female 10-14,girl between 10 and 11 years old,female-10-14 crash-id-1403 suspected-sex-abuse Relative,Not available,Relative,her cousin,,Suspected sex abuse,,"Male', Maldives",2011,girl between 10 and 11 years old,suspected sex abuse,her cousin
dronename,1404,Female 15-19,Female 15-19,girl between 14 and 15 years old,female-15-19 crash-id-1404 suspected-sex-abuse Relative,Not available,Relative,her cousin,,Suspected sex abuse,,"Male', Maldives",2011,girl between 14 and 15 years old,suspected sex abuse,her cousin
dronename,1405,Female 15-19,Female 15-19,girl between 15 and 16 years old,"female-15-19 crash-id-1405 suspected-sex-abuse Known, but Unnamed",Not available,"Known, but Unnamed",someone she knows,,Suspected sex abuse,,"Male', Maldives",2011,girl between 15 and 16 years old,suspected sex abuse,someone she knows
dronename,1408,Female 10-14,Female 10-14,girl between 13 and 14 years old,female-10-14 crash-id-1408 suspected-sex-abuse Unknown Stranger,Not available,Unknown Stranger,an unknown stranger,,Suspected sex abuse,,"Male', Maldives",2011,girl between 13 and 14 years old,suspected sex abuse,an unknown stranger
dronename,1409,Female 15-19,Female 15-19,girl between 14 and 15 years old,"female-15-19 crash-id-1409 suspected-sex-abuse Known, but Unnamed",Not available,"Known, but Unnamed",someone she knows,,Suspected sex abuse,,"Male', Maldives",2011,girl between 14 and 15 years old,suspected sex abuse,someone she knows
dronename,1412,Female 0-4,Female 0-4,baby girl between 2 and 3 years old,female-0-4 crash-id-1412 suspected-sex-abuse Unknown Stranger,Not available,Unknown Stranger,an unknown stranger,,Suspected sex abuse,,"Male', Maldives",2012,baby girl between 2 and 3 years old,suspected sex abuse,an unknown stranger
dronename,1418,Female 15-19,Female 15-19,girl between 16 and 17 years old,female-15-19 crash-id-1418 suspected-sex-abuse Relative,Not available,Relative,her brother-in-law,,Suspected sex abuse,,"Male', Maldives",2012,girl between 16 and 17 years old,suspected sex abuse,her brother-in-law
dronename,1419,Female 15-19,Female 15-19,girl between 14 and 15 years old,"female-15-19 crash-id-1419 suspected-sex-abuse Known, but Unnamed",Not available,"Known, but Unnamed",someone she knows,,Suspected sex abuse,,"Male', Maldives",2012,girl between 14 and 15 years old,suspected sex abuse,someone she knows
dronename,1420,Female 10-14,Female 10-14,girl between 12 and 13 years old,"female-10-14 crash-id-1420 suspected-sex-abuse Known, but Unnamed",Not available,"Known, but Unnamed",her friend,,Suspected sex abuse,,"Male', Maldives",2012,girl between 12 and 13 years old,suspected sex abuse,her friend
dronename,1421,Female 15-19,Female 15-19,girl between 14 and 15 years old,"female-15-19 crash-id-1421 suspected-sex-abuse Known, but Unnamed",Not available,"Known, but Unnamed",her friend,,Suspected sex abuse,,"Male', Maldives",2012,girl between 14 and 15 years old,suspected sex abuse,her friend
dronename,1424,Female 0-4,Female 0-4,baby girl between 3 and 4 years old,female-0-4 crash-id-1424 suspected-sex-abuse Unknown Stranger,Not available,Unknown Stranger,an unknown stranger,,Suspected sex abuse,,"Male', Maldives",2012,baby girl between 3 and 4 years old,suspected sex abuse,an unknown stranger
dronename,1427,Female 15-19,Female 15-19,woman between 17 and 18 years old,female-15-19 crash-id-1427 suspected-sex-abuse Relative,Not available,Relative,her stepfather,,Suspected sex abuse,,"Male', Maldives",2012,woman between 17 and 18 years old,suspected sex abuse,her stepfather
dronename,1430,Female 35+,Female 35+,woman between 41 and 42 years old,female-35+ crash-id-1430 suspected-sex-abuse Unknown Stranger,Not available,Unknown Stranger,an unknown stranger,,Suspected sex abuse,,"Male', Maldives",2012,woman between 41 and 42 years old,suspected sex abuse,an unknown stranger
dronename,1434,Female 10-14,Female 10-14,girl between 12 and 13 years old,female-10-14 crash-id-1434 suspected-sex-abuse Family Member,Not available,Family Member,her father,,Suspected sex abuse,,"Male', Maldives",2013,girl between 12 and 13 years old,suspected sex abuse,her father
dronename,1438,Female 30-34,Female 30-34,woman between 30 and 31 years old,female-30-34 crash-id-1438 suspected-sex-abuse Not Stated,Not available,Not Stated,an unnamed person,,Suspected sex abuse,,"Male', Maldives",2013,woman between 30 and 31 years old,suspected sex abuse,an unnamed person
dronename,1450,Female 10-14,Female 10-14,girl between 12 and 13 years old,female-10-14 crash-id-1450 suspected-sex-abuse Relative,Not available,Relative,her cousin,,Suspected sex abuse,,"Male', Maldives",2014,girl between 12 and 13 years old,suspected sex abuse,her cousin
dronename,1451,Female 0-4,Female 0-4,baby girl between 2 and 3 years old,female-0-4 crash-id-1451 suspected-sex-abuse Unknown Stranger,Not available,Unknown Stranger,an unknown stranger,,Suspected sex abuse,,"Male', Maldives",2014,baby girl between 2 and 3 years old,suspected sex abuse,an unknown stranger
dronename,1454,Female 10-14,Female 10-14,girl between 10 and 11 years old,female-10-14 crash-id-1454 suspected-sex-abuse Family Member,Not available,Family Member,her father,,Suspected sex abuse,,"Male', Maldives",2014,girl between 10 and 11 years old,suspected sex abuse,her father
dronename,1456,Female 5-9,Female 5-9,girl between 4 and 5 years old,female-5-9 crash-id-1456 suspected-sex-abuse Unknown Stranger,Not available,Unknown Stranger,an unknown stranger,,Suspected sex abuse,,"Male', Maldives",2014,girl between 4 and 5 years old,suspected sex abuse,an unknown stranger
dronename,1459,Female 35+,Female 35+,woman between 64 and 65 years old,female-35+ crash-id-1459 suspected-sex-abuse Relative,Not available,Relative,her son-in-law,,Suspected sex abuse,,"Male', Maldives",2014,woman between 64 and 65 years old,suspected sex abuse,her son-in-law
dronename,1463,Female 5-9,Female 5-9,girl between 6 and 7 years old,female-5-9 crash-id-1463 suspected-sex-abuse Unknown Stranger,Not available,Unknown Stranger,an unknown stranger,,Suspected sex abuse,,"Male', Maldives",2014,girl between 6 and 7 years old,suspected sex abuse,an unknown stranger
dronename,1475,Female 30-34,Female 30-34,woman between 33 and 34 years old,female-30-34 crash-id-1475 suspected-sex-abuse Unknown Stranger,Not available,Unknown Stranger,an unknown stranger,,Suspected sex abuse,,"Male', Maldives",2015,woman between 33 and 34 years old,suspected sex abuse,an unknown stranger
dronename,1476,Female 5-9,Female 5-9,girl between 4 and 5 years old,female-5-9 crash-id-1476 suspected-sex-abuse Unknown Stranger,Not available,Unknown Stranger,an unknown stranger,,Suspected sex abuse,,"Male', Maldives",2015,girl between 4 and 5 years old,suspected sex abuse,an unknown stranger
dronename,1479,Female 10-14,Female 10-14,girl between 10 and 11 years old,female-10-14 crash-id-1479 suspected-sex-abuse Relative,Not available,Relative,her stepfather,,Suspected sex abuse,,"Male', Maldives",2015,girl between 10 and 11 years old,suspected sex abuse,her stepfather
dronename,1481,Female 10-14,Female 10-14,girl between 11 and 12 years old,"female-10-14 crash-id-1481 suspected-sex-abuse Known, but Unnamed",Not available,"Known, but Unnamed",someone she knows,,Suspected sex abuse,,"Male', Maldives",2015,girl between 11 and 12 years old,suspected sex abuse,someone she knows
dronename,1482,Female 10-14,Female 10-14,girl between 12 and 13 years old,female-10-14 crash-id-1482 suspected-sex-abuse Relative,Not available,Relative,her grandfather,,Suspected sex abuse,,"Male', Maldives",2015,girl between 12 and 13 years old,suspected sex abuse,her grandfather
dronename,1487,Female 10-14,Female 10-14,girl between 13 and 14 years old,"female-10-14 crash-id-1487 suspected-sex-abuse Known, but Unnamed",Not available,"Known, but Unnamed",someone she knows,,Suspected sex abuse,,"Male', Maldives",2015,girl between 13 and 14 years old,suspected sex abuse,someone she knows
dronename,1491,Female 5-9,Female 5-9,girl between 5 and 6 years old,female-5-9 crash-id-1491 suspected-sex-abuse Unknown Stranger,Not available,Unknown Stranger,an unknown stranger,,Suspected sex abuse,,"Male', Maldives",2015,girl between 5 and 6 years old,suspected sex abuse,an unknown stranger
dronename,1492,Female 0-4,Female 0-4,baby girl between 0 and 1 years old,female-0-4 crash-id-1492 suspected-sex-abuse Unknown Stranger,Not available,Unknown Stranger,an unknown stranger,,Suspected sex abuse,,"Male', Maldives",2015,baby girl between 0 and 1 years old,suspected sex abuse,an unknown stranger
dronename,1493,Female 10-14,Female 10-14,girl between 12 and 13 years old,female-10-14 crash-id-1493 suspected-sex-abuse Relative,Not available,Relative,her stepfather,,Suspected sex abuse,,"Male', Maldives",2015,girl between 12 and 13 years old,suspected sex abuse,her stepfather
dronename,1495,Female 15-19,Female 15-19,woman between 17 and 18 years old,female-15-19 crash-id-1495 suspected-sex-abuse Unknown Stranger,Not available,Unknown Stranger,medical staff,,Suspected sex abuse,,"Male', Maldives",2015,woman between 17 and 18 years old,suspected sex abuse,medical staff
dronename,1496,Female 15-19,Female 15-19,girl between 14 and 15 years old,female-15-19 crash-id-1496 suspected-sex-abuse Relative,Not available,Relative,her uncle,,Suspected sex abuse,,"Male', Maldives",2015,girl between 14 and 15 years old,suspected sex abuse,her uncle
dronename,1497,Female 10-14,Female 10-14,girl between 11 and 12 years old,female-10-14 crash-id-1497 suspected-sex-abuse Relative,Not available,Relative,her uncle,,Suspected sex abuse,,"Male', Maldives",2015,girl between 11 and 12 years old,suspected sex abuse,her uncle
dronename,1500,Female 10-14,Female 10-14,girl between 13 and 14 years old,female-10-14 crash-id-1500 suspected-sex-abuse Family Member,Not available,Family Member,her relative,,Suspected sex abuse,,"Male', Maldives",2015,girl between 13 and 14 years old,suspected sex abuse,her relative